Participant,Generation,Industry,Level Of Seniority,Critical Thinking,Emotional Intelligence,Resilience,Flexibility & Adaptability,Growth Mindset,Collaborative Mindset,Succinct Communication
Participant 1,Other,Technology,Assistant Manager,,0.838,0.475,,,0.595,
Participant 2,Gen Z,Consulting,Manager,0.643,0.428,0.438,0.455,0.501,0.423,0.454
Participant 3,Gen Z,Consulting,Manager,0.678,0.453,0.539,0.446,0.42,,0.564
Participant 4,Gen Z,Other,Manager,,0.653,0.584,0.613,,0.844,0.881
Participant 5,Gen Z,Law,Manager,0.516,,0.343,0.332,,0.596,0.519
Participant 6,Gen Z,Consulting,Trainee,0.807,0.641,0.609,0.529,0.674,0.818,0.722
Participant 7,Gen Z,Education,Manager,0.504,0.386,0.514,0.45,0.392,0.431,0.787
Participant 8,Gen Z,Law,Manager,0.517,0.533,0.335,0.548,,0.593,
Participant 9,Other,Education,Graduate,0.463,0.541,0.616,0.647,0.625,0.478,0.49
Participant 10,Gen Z,Education,Student,0.651,,0.714,0.691,0.8,0.897,
Participant 11,Other,Technology,Student,0.88,0.636,0.875,0.737,0.842,0.896,0.646
Participant 12,Other,Education,Student,,0.447,0.604,0.492,0.74,0.449,0.693
Participant 13,Other,Technology,Trainee,0.776,0.459,0.62,0.432,0.406,0.591,0.605
Participant 14,Other,Education,Assistant Manager,0.691,0.597,0.753,0.671,,0.657,0.513
Participant 15,Gen Z,Media,Trainee,0.756,0.756,0.756,1.0,0.808,0.772,0.601
Participant 16,Gen Z,Other,Assistant Manager,0.434,,0.534,0.224,0.514,0.457,0.525
Participant 17,Gen Z,Education,Assistant Manager,0.581,0.536,,0.525,0.55,0.613,0.556
Participant 18,Gen Z,Media,Assistant Manager,0.753,0.595,0.719,0.83,,0.388,0.654
Participant 19,Gen Z,Media,Manager,0.574,0.534,0.638,,0.565,0.597,0.362
Participant 20,Gen Z,Media,Manager,0.764,,0.536,,0.712,0.718,0.647
Participant 21,Gen Z,Law,Graduate,0.546,0.563,0.614,0.524,,0.646,0.705
Participant 22,Gen Z,Education,Assistant Manager,0.766,0.731,0.69,0.993,0.891,0.908,0.62
Participant 23,Gen Z,Consulting,Trainee,0.735,0.645,,0.688,,0.756,
Participant 24,Gen Z,Law,Other,0.823,,0.959,0.551,,0.759,
Participant 25,Gen Z,Law,Student,0.359,0.583,0.498,0.39,0.497,,
Participant 26,Gen Z,Law,Assistant Manager,0.38,0.681,0.424,,0.436,0.564,0.383
Participant 27,Gen Z,Education,Graduate,0.584,0.768,0.435,0.602,0.385,0.763,0.685
Participant 28,Gen Z,Law,Other,0.446,,,0.544,0.732,0.694,0.575
Participant 29,Gen Z,Law,Graduate,0.43,0.454,0.534,0.483,0.647,,0.584
Participant 30,Gen Z,Other,Trainee,0.758,0.625,0.694,,0.843,0.354,0.833
Participant 31,Gen Z,Media,Manager,0.779,,0.649,0.576,0.415,0.743,0.422
Participant 32,Gen Z,Law,Graduate,0.693,0.569,0.515,0.453,,0.715,0.799
Participant 33,Gen Z,Technology,Student,0.49,0.387,,0.368,0.517,0.402,0.491
Participant 34,Gen Z,Consulting,Other,,0.684,0.542,,0.437,0.667,
Participant 35,Gen Z,Media,Manager,0.376,0.59,0.825,0.704,0.396,0.765,0.468
Participant 36,Other,Media,Other,0.637,0.541,,,0.583,0.781,0.557
Participant 37,Gen Z,Media,Manager,0.528,0.714,,0.729,0.614,0.694,0.885
Participant 38,Gen Z,Education,Student,,0.807,,0.575,0.598,0.601,
Participant 39,Other,Media,Other,0.785,0.781,0.813,0.753,0.663,0.952,0.808
Participant 40,Gen Z,Consulting,Other,,0.681,0.468,0.762,0.783,0.857,0.648
